,traning_size,score
0,1,0.641333767580581
1,2,0.6139263744315725
2,3,0.6145848888606688
3,4,0.5447701219004942
4,5,0.5697885225772628
5,6,0.5285741497034054
6,7,0.32558835137200526
7,8,0.43976909533996733
8,9,0.30845949532231365
9,10,0.507903103661432
