,traning_size,score
0,1,0.2281213172107569
1,2,0.3070403016378699
2,3,0.16477723623312845
3,4,0.008520157288181451
4,5,0.22823549992780834
5,6,0.1592631840678588
6,7,0.0897388205872337
7,8,0.1934681163070604
8,9,0.06469919825668735
9,10,0.2658689578058052
