,traning_size,score
0,1,0.6679202247210496
1,2,0.6449397061985055
2,3,0.6320228006506512
3,4,0.5330462135351305
4,5,0.5422958141559997
5,6,0.5485433339306192
6,7,0.38201941149728424
7,8,0.4058518504301436
8,9,0.22351782319768687
9,10,0.48553995473629263
