,traning_size,score
0,1,0.4481126950729728
1,2,0.3340439495128724
2,3,0.3407636223749687
3,4,0.22404961731122974
4,5,0.2425390848910186
5,6,0.3032798078976495
6,7,0.10483988085897822
7,8,0.24017850081786074
8,9,0.143635007082638
9,10,0.17663444535331552
